City,BranchType
MUMBAI,Urban
BANGALORE,Urban
GURGAON,Urban
NOIDA,Urban
PUNE,Urban
CHENNAI,Urban
THANE,Urban
HYDERABAD,Urban
KOLKATA,Urban
GHAZIABAD,Urban
AHMEDABAD,Urban
FARIDABAD,Urban
JAIPUR,Urban
CHANDIGARH,Urban
LUCKNOW,Urban
MOHALI,Urban
SURAT,Urban
NASHIK,Semi-Urba
VISAKHAPATNAM,Semi-Urba
LUDHIANA,Semi-Urba
DEHRADUN,Semi-Urba
KANPUR,Semi-Urba
INDORE,Semi-Urba
VADODARA,Semi-Urba
NAGPUR,Semi-Urba
AMRITSAR,Semi-Urba
AGRA,Semi-Urba
COIMBATORE,Semi-Urba
MEERUT,Semi-Urba
PANCHKULA,Semi-Urba
AURANGABAD,Semi-Urba
GUNTUR,Semi-Urba
GUWAHATI,Semi-Urba
RANCHI,Semi-Urba
JALANDHAR,Semi-Urba
BHOPAL,Semi-Urba
PATNA,Semi-Urba
UDAIPUR,Semi-Urba
ERNAKULAM,Semi-Urba
BENGALURU,Semi-Urba
REWARI,Semi-Urba
HOWRAH,Semi-Urba
PATIALA,Semi-Urba
SECUNDERABAD,Semi-Urba
ALWAR,Semi-Urba
ALLAHABAD,Semi-Urba
SONIPAT,Semi-Urba
PANIPAT,Semi-Urba
ZIRAKPUR,Semi-Urba
BAMBOLIM,Semi-Urba
RAJKOT,Semi-Urba
RAIPUR,Semi-Urba
KOLHAPUR,Semi-Urba
JAMSHEDPUR,Semi-Urba
SILIGURI,Semi-Urba
BAREILLY,Semi-Urba
MANGALORE,Semi-Urba
ALIGARH,Semi-Urba
KARNAL,Semi-Urba
KANGRA,Semi-Urba
WARANGAL,Semi-Urba
SAHARANPUR,Semi-Urba
HOSUR,Semi-Urba
KOTTAYAM,Semi-Urba
AMBALA,Semi-Urba
MORADABAD,Semi-Urba
KHARAR,Semi-Urba
SALEM,Semi-Urba
VARANASI,Semi-Urba
JAMMU,Semi-Urba
VAPI,Semi-Urba
SHIMLA,Semi-Urba
BHUBANESHWAR,Semi-Urba
BURDWAN,Semi-Urba
JODHPUR,Semi-Urba
VIJAYAWADA,Semi-Urba
BHIWADI,Semi-Urba
NELLORE,Semi-Urba
KOCHI,Semi-Urba
BATHINDA,Semi-Urba
GANDHINAGAR,Semi-Urba
GORAKHPUR,Semi-Urba
DHANBAD,Semi-Urba
TRIVANDRUM,Semi-Urba
RUDRAPUR,Semi-Urba
VELLORE,Semi-Urba
BILASPUR,Semi-Urba
ROHTAK,Semi-Urba
KANCHEEPURAM,Semi-Urba
HOOGHLY,Rural
RANGAREDDY,Rural
YAMUNANAGAR,Rural
THRISSUR,Rural
TRICHY,Rural
DURGAPUR,Rural
GWALIOR,Rural
MADURAI,Rural
KARIMNAGAR,Rural
KAPURTHALA,Rural
JHAJJAR,Rural
JHANSI,Rural
RAIGARH,Rural
SRIPERUMBUDUR,Rural
BELGAUM,Rural
MYSORE,Rural
MATHURA,Rural
CHITTO0R,Rural
JABALPUR,Rural
BHAVNAGAR,Rural
ROURKELA,Rural
HARIDWAR,Rural
GANGTOK,Rural
BAHADURGARH,Rural
FIROZABAD,Rural
KRISHNA,Rural
TIRUVALLUR,Rural
SOLAN,Rural
BHIWANDI,Rural
HOSHIARPUR,Rural
SONEPAT,Rural
SRINAGAR,Rural
KANNUR,Rural
MEDAK,Rural
KASHIPUR,Rural
AJMER,Rural
AGARTALA,Rural
KALYAN,Rural
KAITHAL,Rural
JALGAON,Rural
PALAKKAD,Rural
BHUBANESWAR,Rural
BULANDSHAHR,Rural
BHILWARA,Rural
HAMIRPUR,Rural
GOA,Rural
BOISAR,Rural
VIZIANAGARAM,Rural
MUKTSAR,Rural
MUZAFFARPUR,Rural
PATHANKOT,Rural
BHILAI,Rural
KOLLAM,Rural
CUTTACK,Rural
IMPHAL,Rural
GURDASPUR,Rural
NAINITAL,Rural
PONDICHERRY,Rural
BHIWANI,Rural
ERODE,Rural
BOKARO,Rural
AHMEDNAGAR,Rural
CHHINDWARA,Rural
DARJEELING,Rural
BHUJ,Rural
SRIKAKULAM,Rural
SILCHAR,Rural
KOZHIKODE,Rural
JAMNAGAR,Rural
PATHANAMTHITTA,Rural
ANAND,Rural
DUBAI,Rural
HUBLI,Rural
UJJAIN,Rural
RAIGAD,Rural
UDUPI,Rural
PANVEL,Rural
KURNOOL,Rural
GANDHIDHAM,Rural
VILLUPURAM,Rural
NALGONDA,Rural
BHARUCH,Rural
FEROZEPUR,Rural
KHAMMAM,Rural
BIJNOR,Rural
MANDI,Rural
ANANTAPUR,Rural
NIZAMABAD,Rural
ALAPPUZHA,Rural
CUDDALORE,Rural
TIRUNELVELI,Rural
FATEHABAD,Rural
SHILLLONG,Rural
ADILABAD,Rural
THIRUVANANTHAPURAM,Rural
RAJPURA,Rural
RUPNAGAR,Rural
PARGANAS,Rural
TIRUPATI,Rural
RAJAHMUNDRY,Rural
ASANSOL,Rural
BIKANER,Rural
PURI,Rural
BARODA,Rural
TEZPUR,Rural
PRATAPGARH,Rural
ULHASNAGAR,Rural
TIRUPUR,Rural
MUZAFFARNAGAR,Rural
MANALI,Rural
HISAR,Rural
KHANNA,Rural
AZAMGARH,Rural
PANAJI,Rural
SANGRUR,Rural
THIRUVALLUR,Rural
BADDI,Rural
TIRUVANNAMALAI,Rural
DAMAN,Rural
MALAPPURAM,Rural
THANJAVUR,Rural
PALGHAR,Rural
SHAHJAHANPUR,Rural
NAKODAR,Rural
PRAKASAM,Rural
VALSAD,Rural
BARNALA,Rural
SULTANPUR,Rural
DERABASSI,Rural
UDHAMPUR,Rural
BARMER,Rural
KRISHNAGIRI,Rural
KHARAGPUR,Rural
AMRAVATI,Rural
VIRUDHUNAGAR,Rural
KURUKSHETRA,Rural
PILANI,Rural
DEORIA,Rural
ALMORA,Rural
NAWANSHAHR,Rural
BHARATPUR,Rural
JAUNPUR,Rural
PINJORE,Rural
ROPAR,Rural
AIZAWL,Rural
MEHSANA,Rural
KANCHIPURAM,Rural
GHAZIPUR,Rural
TIRUPPUR,Rural
RISHIKESH,Rural
JALPAIGURI,Rural
MARGAO,Rural
BAGHPAT,Rural
DHARAMSHALA,Rural
RAJSAMAND,Rural
CHITTORGARH,Rural
KANNIYAKUMARI,Rural
PALWAL,Rural
RATNAGIRI,Rural
DIMAPUR,Rural
BANKURA,Rural
DASUYA,Rural
JORHAT,Rural
SARAN,Rural
ROORKEE,Rural
RANGAREDDI,Rural
HISSAR,Rural
GOHANA,Rural
GANJAM,Rural
KANYAKUMARI,Rural
PUDUCHERRY,Rural
SANGLI,Rural
DHARUHERA,Rural
DEWAS,Rural
VAISHALI,Rural
FAZILKA,Rural
MAHENDRAGARH,Rural
TRIPURA,Rural
GOPALGANJ,Rural
BHANDARA,Rural
HALOL,Rural
BHOJPUR,Rural
RAMPUR,Rural
TUMKUR,Rural
HAPUR,Rural
VERNA,Rural
JHUNJHUNU,Rural
IDUKKI,Rural
BADLAPUR,Rural
GONDA,Rural
NASIK,Rural
NAMAKKAL,Rural
SHAMSHABAD,Rural
HARYANA,Rural
DARBHANGA,Rural
SOLAPUR,Rural
NADIA,Rural
BHAGALPUR,Rural
UNNAO,Rural
NARWANA,Rural
ITANAGAR,Rural
CUDDAPAH,Rural
DIBRUGARH,Rural
SIWAN,Rural
DHULE,Rural
BAWAL,Rural
HATHRAS,Rural
PONDA,Rural
BARAMATI,Rural
FARIDKOT,Rural
BARABANKI,Rural
BARDEZ,Rural
BASTI,Rural
BANSWARA,Rural
BALLIA,Rural
KALYANI,Rural
KALKA,Rural
MURSHIDABAD,Rural
SURYAPET,Rural
DHURI,Rural
NAVSARI,Rural
SATNA,Rural
FAIZABAD,Rural
SINGAPORE,Rural
DINDIGUL,Rural
VIDISHA,Rural
DHARMAPURI,Rural
KENDRAPARA,Rural
SHILLONG,Rural
SIRMAUR,Rural
BHINMAL,Rural
HASSAN,Rural
DHARWARD,Rural
PRADESH,Rural
BIJAPUR,Rural
KAMRUP,Rural
NADIAD,Rural
SAMASTIPUR,Rural
JUNAGADH,Rural
BANGLORE,Rural
SIVASAGAR,Rural
BIDAR,Rural
GULBARGA,Rural
MEDINIPUR,Rural
CHITTOOR,Rural
SHAMLI,Rural
COCHIN,Rural
BIRBHUM,Rural
SHARJAH,Rural
PANTNAGAR,Rural
CHANDAULI,Rural
DAUSA,Rural
SIRSA,Rural
MIDNAPORE,Rural
NARNAUL,Rural
MUSSOORIE,Rural
MANDYA,Rural
SATARA,Rural
KOLAR,Rural
FATEHPUR,Rural
ROHTAS,Rural
PORVORIM,Rural
CALANGUTE,Rural
SAMBHAL,Rural
CACHAR,Rural
NAGAPATTINAM,Rural
AKOLA,Rural
RAMGARH,Rural
SILVASSA,Rural
SUNDARGARH,Rural
BUXAR,Rural
KADAPA,Rural
DAVANGERE,Rural
MAPUSA,Rural
SIYANA,Rural
PITHORAGARH,Rural
NANGAL,Rural
TOHANA,Rural
AHMADNAGAR,Rural
MIRZAPUR,Rural
LATUR,Rural
SANAND,Rural
BUDAUN,Rural
KUSHINAGAR,Rural
PALAMU,Rural
RAJAMUNDRY,Rural
BELLARY,Rural
PUDUKOTTAI,Rural
BARDHAMAN,Rural
MAINPURI,Rural
CHHATTISGARH,Rural
MADHUBANI,Rural
RAMNAGAR,Rural
ANKLESHWAR,Rural
HANUMANGARH,Rural
CHAMBA,Rural
GOBINDGARH,Rural
TIRUCHIRAPPALLI,Rural
JALAUN,Rural
CHURACHANDPUR,Rural
BANGA,Rural
NANDED,Rural
NALANDA,Rural
YAVATMAL,Rural
KULLU,Rural
KURALI,Rural
KARUR,Rural
BAGALKOT,Rural
MUNGER,Rural
JAJPUR,Rural
SINDHUDURG,Rural
HAZARIBAGH,Rural
BEGUSARAI,Rural
MAHESANA,Rural
MUSCAT,Rural
KOHIMA,Rural
KHURDA-ORISSA,Rural
CARANZALEM,Rural
ETAWAH,Rural
SAHIBABAD,Rural
DHAR,Rural
PERAMBALUR,Rural
SHIMOGA,Rural
VARANAVASI,Rural
SENAPATI,Rural
NOKHA,Rural
MUKERIAN,Rural
THOUBAL,Rural
BAGESHWAR,Rural
KARWAR,Rural
HAORA,Rural
JALORE,Rural
CHIKKABALLAPUR,Rural
DEOLI,Rural
GANGANAGAR,Rural
MORENA,Rural
BALASORE,Rural
RAMANATHAPURAM,Rural
JALNA,Rural
KORAPUT,Rural
BARDDHAMAN,Rural
SIKAR,Rural
VASAI,Rural
TRICHUR,Rural
MORINDA,Rural
BHADRAK,Rural
NAGAUR,Rural
BEHROR,Rural
RIYADH,Rural
DUNGARPUR,Rural
CALCUTTA,Rural
THIRUVARUR,Rural
NATHDWARA,Rural
CHAMOLI,Rural
NILGIRIS,Rural
NAGAR,Rural
NEEMRANA,Rural
THOOTHUKKUDI,Rural
GORAYA,Rural
GAZIABAD,Rural
MEWAT,Rural
CHURU,Rural
SITAPUR,Rural
NEWAI,Rural
DHENKANAL,Rural
LAXMINAGAR,Rural
FARRUKHABAD,Rural
AURAIYA,Rural
SONBHADRA,Rural
BULDHANA,Rural
THIRUVANNAMALAI,Rural
BETUL,Rural
MAHABUBNAGAR,Rural
DISTRICT,Rural
VIRAR,Rural
ITARSI,Rural
BARAN,Rural
RAICHUR,Rural
PANJIM,Rural
AMROHA,Rural
KODAGU,Rural
THENI,Rural
ARIYALUR,Rural
SIVAGANGA,Rural
THIRUVALLA,Rural
TIRUPATHI,Rural
BALLABGARH,Rural
CHANDRAPUR,Rural
RAEBARELI,Rural
SAMALKHA,Rural
BALOTRA,Rural
BHIND,Rural
KATIHAR,Rural
JAMUI,Rural
DHOLPUR,Rural
GODAVARI,Rural
DWARKA,Rural
PURULIA,Rural
SIRHIND,Rural
KANNAUJ,Rural
CHAMPAWAT,Rural
HOSHANGABAD,Rural
BARDOLI,Rural
KHURDA,Rural
SITAMARHI,Rural
PILIBHIT,Rural
CHAMPARAN,Rural
SAHNEWAL,Rural
JASPUR,Rural
KUWAIT,Rural
GADAG,Rural
VASCO,Rural
KASARAGOD,Rural
NURMAHAL,Rural
MAHARAJGANJ,Rural
BARAMULLA,Rural
VISHAKHAPATNAM,Rural
WARDHA,Rural
SABARKANTHA,Rural
KATNI,Rural
DHARWAD,Rural
THOOTHUKUDI,Rural
MODINAGAR,Rural
TINSUKIA,Rural
MALDA,Rural
AMRELI,Rural
SAGAR,Rural
LAKHIMPUR,Rural
CANDOLIM,Rural
THANTIKONDA,Rural
ANANTNAG,Rural
MAHBUBNAGAR,Rural
WAYANAD,Rural
SONITPUR,Rural
CHIKKMAGALUR,Rural
BANUR,Rural
KHEDA,Rural
BAHRAICH,Rural
JAGATSINGHPUR,Rural
ETAH,Rural
UKHRUL,Rural
ADIPUR,Rural
MAYURBHANJ,Rural
KATRA,Rural
DOMBIVALI,Rural
INDIRAPURAM,Rural
SYDNEY,Rural
BALAGHAT,Rural
NASIRABAD,Rural
SIVAGANGAI,Rural
KARAULI,Rural
PALAMPUR,Rural
JAGADHARI,Rural
BENGALOORU,Rural
DHARMANAGAR,Rural
VASCO-DA-GAMA,Rural
ARARIA,Rural
TAORU,Rural
CHITRADURGA,Rural
OSMANABAD,Rural
ARLEM,Rural
THALASSERY,Rural
JHALAWAR,Rural
BISHNUPUR,Rural
AJNALA,Rural
YEOLA,Rural
KHORDHA,Rural
SANGLI-DISTRICT,Rural
PURULIYA,Rural
CHIPLUN,Rural
DOMBIVLI,Rural
SEHORE,Rural
GARHWA,Rural
AMBARNATH,Rural
BERHAMPUR,Rural
BELTHANGADY,Rural
KHARGHAR,Rural
LAGOS,Rural
KHANDWA,Rural
BATALA,Rural
TIRUCHIRAPALLI,Rural
CANTONMENT,Rural
UNJHA,Rural
COOCHBEHAR,Rural
SAFIDON,Rural
DEOGHAR,Rural
SINGHBHUM,Rural
AMETHI,Rural
CALICUT,Rural
KARAMSAD,Rural
SHAHDOL,Rural
KODERMA,Rural
NARASARAOPET,Rural
JAGADHRI,Rural
SIROHI,Rural
SAHARSA,Rural
SAHARASA,Rural
MORBI,Rural
KICHHA,Rural
ELURU,Rural
DEESA,Rural
BUDDHANAGAR,Rural
HARDWAR,Rural
RAJGARH,Rural
RATLAM,Rural
CHEMBUR,Rural
SAMBALPUR,Rural
JEDDAH,Rural
COONOOR,Rural
ALLEPPEY,Rural
SURENDRANAGAR,Rural
GOLAGHAT,Rural
BANGALROE,Rural
SIBSAGAR,Rural
WOKHA,Rural
ALUVA,Rural
TARAPUR,Rural
NAGERCOIL,Rural
BANDA,Rural
AMBASAMUDRAM,Rural
CHIKMAGALUR,Rural
HAJIPUR,Rural
BANASKANTHA,Rural
ARWAL,Rural
JEHANABAD,Rural
SIDHI,Rural
SERAIKELA,Rural
SAKET,Rural
DADRI,Rural
KUTCH,Rural
THANA,Rural
GARHWAL,Rural
HALDWANI,Rural
RAMANAGAR,Rural
VILUPPURAM,Rural
PORTBLAIR,Rural
LOHIT,Rural
BADAUN,Rural
CURCHOREM,Rural
ANGUL,Rural
MANSA,Rural
GONDIA,Rural
CHAMARAJANAGAR,Rural
POWAI,Rural
MALOUT,Rural
BENGALORE,Rural
ARMUR,Rural
HINGOLI,Rural
TUTICORIN,Rural
SIDDHARTHNAGAR,Rural
PARBHANI,Rural
KERALA,Rural
SANGOLDA,Rural
SHIKARPUR,Rural
BOKO,Rural
TISWADI,Rural
BANGAORE,Rural
SINGRAULI,Rural
SRIGANGANAGAR,Rural
HARDOI,Rural
SUNNYVALE,Rural
CHITRAKOOT,Rural
LALITPUR,Rural
PERAMBAKKAM,Rural
CHESTER,Rural
CHANDEL,Rural
DATIA,Rural
GIRIDIH,Rural
MEHAM,Rural
KOPPAL,Rural
MAHOBA,Rural
SIRMOUR,Rural
FIROZPUR,Rural
SONEBHADRA,Rural
BALTANA,Rural
KAMALCHHOD,Rural
TUENSANG,Rural
LAKKAVARAM,Rural
PANCHAYATH,Rural
NAGAON,Rural
RATANGARH,Rural
AMBERNATH,Rural
PATAN,Rural
PURNEA,Rural
MOMBASA,Rural
KORBA,Rural
KARTARPUR,Rural
KALIMPONG,Rural
SECUNDRABAD,Rural
KISHANGARH,Rural
KHUNTI,Rural
BALIA,Rural
RAJAPALAYAM,Rural
KEONJHAR,Rural
SANPADA,Rural
UTTARKASHI,Rural
SAMBA,Rural
CHATUA,Rural
NALAGARH,Rural
LOHARDAGA,Rural
SHIVAMOGGA,Rural
RAJGURUNAGAR,Rural
PARVATIPURAM,Rural
LAKHIMPUR-KHERI,Rural
VIJAPUR,Rural
MADHEPURA,Rural
FLORIDA,Rural
DHAHRAN,Rural
MUMABI,Rural
KAKINADA,Rural
KARIMGANJ,Rural
ORLANDO,Rural
SOCORRO,Rural
WAYNAD,Rural
NAWADA,Rural
CHITTATTUKARA,Rural
NANDURBAR,Rural
GARHSHANKAR,Rural
HARDA,Rural
TALEIGAO,Rural
DHUBRI,Rural
AMBER,Rural
BEAWAR,Rural
MELBOURNE,Rural
CHENGANNUR,Rural
DHAMPUR,Rural
AJITSINGHNAGAR,Rural
ANJAR,Rural
CHHATARPUR,Rural
BARWANI,Rural
BARGARH,Rural
BANKA,Rural
GOJHARIYA,Rural
BANGLAORE,Rural
GODDA,Rural
NEEMUCH,Rural
LOHARADAGA,Rural
CHAMRAJNAGAR,Rural
TANDA,Rural
PATRAPUR,Rural
VARNASI,Rural
HUGLI,Rural
BICHOLIM,Rural
SERILINGAMPALLY,Rural
MUMBRA,Rural
PAKUR,Rural
MANAMA,Rural
KANNANOOR,Rural
SANTACRUZ,Rural
DAHOD,Rural
KHERLI,Rural
KARSOG,Rural
KHAGARIA,Rural
CUNCOLIM,Rural
RAYAGADA,Rural
CHIREMIRI,Rural
DUMKA,Rural
MAHABOOBNAGAR,Rural
VISAKHAPATANAM,Rural
CHANDRAGIRI,Rural
GONDIYA,Rural
TALALA,Rural
TAMENGLONG,Rural
ERANAKULAM,Rural
THIRUNMUYUR,Rural
NARELA,Rural
NARSINGHPUR,Rural
NALGONDADIST,Rural
WALAJAPET,Rural
PORBANDAR,Rural
BALRAMPUR,Rural
GUMMIDIPOONDI,Rural
DEOGARH,Rural
BORSAD,Rural
PUTTUR,Rural
ZADGAON,Rural
BALANGIR,Rural
KHOIJUMAN,Rural
PATAUDI,Rural
BALESHWAR,Rural
RANIGANJ,Rural
SULUR,Rural
RUDRAPRAYAG,Rural
ADOOR,Rural
LAKHISARAI,Rural
TRISHUR,Rural
RAISEN,Rural
BEGUSARA,Rural
BHADESAR,Rural
MANIPUR,Rural
THURKAPALLI,Rural
YADGIR,Rural
SERCHHIP,Rural
PHAGWARA,Rural
BILARI,Rural
DHEMAJI,Rural
KORIMNAGAR,Rural
TIRUVARUR,Rural
ANDAMAN,Rural
BHATINDA,Rural
SECBAD,Rural
POLLACHI,Rural
SIMDEGA,Rural
KANDHAMAL,Rural
BHADRAKALI,Rural
KARAIKUDI,Rural
JIZAN,Rural
PALAMKONAM,Rural
AMARAVATI,Rural
ADAMPUR,Rural
AGARA,Rural
RACHI,Rural
PIPARIYA,Rural
BOWENPALLY,Rural
CHIRALA,Rural
TIKAMGARH,Rural
TAMLUK,Rural
BANTWAL,Rural
UDUMBANCHOLA,Rural
NANDALUR,Rural
BIZPUR,Rural
CHIKKAMAGALURU,Rural
NOWGONG,Rural
DAKSHINAKANNADA,Rural
MUNGELI,Rural
SENDHWA,Rural
NAHAN,Rural
ENMAKAJE,Rural
MARGO,Rural
SARBERIA,Rural
SIDDAPUR,Rural
NAYAGARH,Rural
BHANDUP,Rural
ALDONA,Rural
WASHIM,Rural
VASHI,Rural
MANGALURU,Rural
SANGALI,Rural
HODEL,Rural
SHAJAPUR,Rural
DIGUVAMASAPALLI,Rural
BAKROL,Rural
SURGUJA,Rural
COMBATORE,Rural
PARRAMATTA,Rural
AMRAI,Rural
FATORDA,Rural
KANCHRAPARA,Rural
KUSHALNAGAR,Rural
BULANDSAHAR,Rural
PITHAMPUR,Rural
MIDINIPUR,Rural
KANUBARI,Rural
BAIHAR,Rural
FAHAHEL,Rural
PAYYAVOOR,Rural
GHANDHINAGAR,Rural
KATEMANJUALI,Rural
MAHISAGAR,Rural
KOTTARAKKARA,Rural
PUDUCHRRY,Rural
KHORDA,Rural
NADIAN,Rural
DHAKAULI,Rural
BHUSAWAL,Rural
LIPPA,Rural
BULANDSHAHAR,Rural
DIYUN,Rural
ANUPPUR,Rural
NAIHATI,Rural
KHARGONE,Rural
COORG,Rural
HAWRAH,Rural
THURAVOOR,Rural
SALANPUR,Rural
ANAYARA,Rural
CHUMUKEDIMA,Rural
SRIVILLIPUTHUR,Rural
MANGALAGIRI,Rural
BUDAPEST,Rural
BUNDI,Rural
BETIM,Rural
SAMRALA,Rural
THODUPUZHA,Rural
GANAUR,Rural
TOKYO,Rural
SHEIKHPURA,Rural
SARJAPURA,Rural
BULDANA,Rural
HALISAHAR,Rural
KALOL,Rural
OTTAPALAM,Rural
CHIKHODRA,Rural
SHIVAPURI,Rural
ANOOPSHAHR,Rural
TIJARA,Rural
NODIA,Rural
SERAMPORE,Rural
GURAON,Rural
MAHENDERGARH,Rural
REASI,Rural
TAURU,Rural
DAMOH,Rural
KALPI,Rural
SHEBOYGAN,Rural
QUEPEM,Rural
MANKAPUR,Rural
MARGAON,Rural
VIZAG,Rural
PALANPUR,Rural
CHANDRAMULINAGAR,Rural
PATANCHERU,Rural
LUTON,Rural
MODASA,Rural
DHEERA,Rural
MALLESHWARAM,Rural
RAJGANGPUR,Rural
GODHRA,Rural
NAHARLAGUN,Rural
KOTDWARA,Rural
PARWANOO,Rural
MERCES,Rural
BARASAT,Rural
NALLAGONDA,Rural
NISRALE,Rural
HIMATNAGAR,Rural
KOLASIB,Rural
VARCA,Rural
KHERI,Rural
HAVERI,Rural
MUDURAI,Rural
DHARAMSALA,Rural
ISLAMABAD,Rural
PENDURTHI,Rural
KACHCHH,Rural
NABHA,Rural
RAMAGUNDAM,Rural
VAIKOM,Rural
TIVIM,Rural
OOTY,Rural
CHURHAT,Rural
CHINCHANI,Rural
MANINAGAR,Rural
MANIMAJRA,Rural
MADHAPUR,Rural
TALIPARAMBA,Rural
PURNIA,Rural
VAGATOR,Rural
KAVARATTI,Rural
KASGANJ,Rural
GANGUWAL,Rural
UMARIYA,Rural
MAGRODA,Rural
BENAULIM,Rural
ROYAPETTAH,Rural
BENGLURU,Rural
CHITTAURGARH,Rural
VVNAGAR,Rural
GURAGAON,Rural
OUTRAM,Rural
BASIRHAT,Rural
MALWA,Rural
NAWALPARASI,Rural
DHAMNOD,Rural
ILFORD,Rural
GUHLA,Rural
AMLOH,Rural
BUDGAM,Rural
RATIA,Rural
RAJNANDGAON,Rural
BAKSA,Rural
ATHAL,Rural
SUSARI,Rural
CANACONA,Rural
TIRUCHANUR,Rural
PLASSANAL,Rural
FIROZEPUR,Rural
TALEGAO,Rural
MADINIPUR,Rural
FRAMINGHAM,Rural
CHAPRA,Rural
BOMBEDEM,Rural
SHAMA,Rural
PURVI,Rural
AMBIKAPUR,Rural
MARGHERITA,Rural
PANCHMAHALS,Rural
NANJANGUD,Rural
SANAPADA,Rural
KAVIYOOR,Rural
SUBANSIRI,Rural
FANGANI,Rural
CHERTHALA,Rural
DAMTAL,Rural
KUMARGHAT,Rural
SARRANG,Rural
PUNKUNNU,Rural
IVERKALA,Rural
BOLPUR,Rural
MUSIRI,Rural
BANAGALORE,Rural
DEVONSHIRE,Rural
KISHANGANJ,Rural
ABUDHABI,Rural
BALGA,Rural
LEIDEN,Rural
SANGAMNER,Rural
DHAMLEY,Rural
THIRUNINDRAVUR,Rural
LIMBASI,Rural
KALAHANDI,Rural
NAGARKURNOOL,Rural
ANNANAGAR,Rural
ODDANCHATRAM,Rural
HUKERI,Rural
PO-KALYANI,Rural
KANNYAKUMARI,Rural
HOSHIYARPUR,Rural
MANIPAL,Rural
ALIPI,Rural
FREMONT,Rural
UMARIA,Rural
KHEKRA,Rural
SAFAT,Rural
DAHANU,Rural
BELAGAVI,Rural
PANSKURA,Rural
MEHMEDABAD,Rural
HARIJ,Rural
GADCHIROLI,Rural
PHILLAUR,Rural
BULADHANA,Rural
DERGAON,Rural
KUNIYIL,Rural
SARKAGHAT,Rural
NAGTHAT,Rural
KOTHAMANGALAM,Rural
CHAGALLU,Rural
DHARAPURAM,Rural
SHADURG,Rural
BARSAR,Rural
CHIDAMBARANAR,Rural
JHARKHAND,Rural
ATHIRAMPUZHA,Rural
KUMARAKOM,Rural
DOIMUKH,Rural
KASARGOD,Rural
HAILAKANDI,Rural
CHITTARANJAN,Rural
KUMBAKONAM,Rural
MESAIEED,Rural
CORPORATION,Rural
BISHALGARH,Rural
CHEEKA,Rural
KANNAD,Rural
ABUROAD,Rural
MONGHYR,Rural
TIRUCHIRAPALLY,Rural
AHMADABAD,Rural
SYANA,Rural
AMBUR,Rural
KALMEGHA,Rural
PATPARGANJ,Rural
SWARUPNAGAR,Rural
RAMANAGARAM,Rural
RENIGUNTA,Rural
JAGANNATHPUR,Rural
KAPASHERA,Rural
MUTHAPUDHUPET,Rural
MALALGAON,Rural
KUNDLI,Rural
SUPAUL,Rural
KAUSHAMBI,Rural
LONDON,Rural
BENGUSARAI,Rural
MANDIGOBINDGARH,Rural
CHHAPRA,Rural
MANDSAUR,Rural
PANOHAYATH,Rural
BONGAIGAON,Rural
ANDAMANS,Rural
TIRUCHENDUR,Rural
SIOLIM,Rural
MUMABAI,Rural
AUSTIN,Rural
HINDAUN,Rural
SHEKHPURA,Rural
PALASHBARI,Rural
SHAHPURA,Rural
GHUMARWIN,Rural
MARCELA,Rural
NAWANSHAR,Rural
DEHRA,Rural
DUMDUM,Rural
SARAIKELA,Rural
ROHINI,Rural
GANGARAMPUR,Rural
JOHANNESBERG,Rural
KHOPOLI,Rural
NANDGAON,Rural
CHILLA,Rural
CARMONA,Rural
CHICKMAGALORE,Rural
KAKKANAD,Rural
KRISHNANAGAR,Rural
GHANSOLI,Rural
VIDYANAGAR,Rural
BALESWAR,Rural
CHINDWARA,Rural
CHIDAMBARAM,Rural
VARANSI,Rural
TIRUPATTUR,Rural
TALOJA,Rural
MARSEILLE,Rural
TADEPALLIGUDEM,Rural
KALKAJI,Rural
BORHAT,Rural
KANJARI,Rural
KAIMUR,Rural
KADAMBUR,Rural
KODAIKANAL,Rural
LAWNGTLAI,Rural
SANGHOL,Rural
DOABA,Rural
KOILAKUNTLA,Rural
VADASSERIKKARA,Rural
FRIDABAD,Rural
SINGHWARA,Rural
WALTHAM,Rural
SHANIVARASANTHE,Rural
BALIKUDA,Rural
BHABUA,Rural
JAHANABAD,Rural
RAMAPURAM,Rural
BUBANESWAR,Rural
MOKOKCHUNG,Rural
MITHAPUR,Rural
THIRUNELVELI,Rural
HANAMKONDA,Rural
DHANBAN,Rural
AHMEDGARH,Rural
MOGAPPAIR,Rural
KULATHOOR,Rural
CHICKMAGALURE,Rural
RIASI,Rural
NIRJULI,Rural
CHANGA,Rural
VASSI,Rural
KABEERNAGAR,Rural
TELANGANA,Rural
FUJAIRAH,Rural
PASHAN,Rural
DHALAI,Rural
GAJAPATI,Rural
ANDROTH,Rural
MORMUGAO,Rural
NABARANGPUR,Rural
MADHYAMGRAM,Rural
SIRSI,Rural
ESANTHIMANGALAM,Rural
BURNPUR,Rural
UMRED,Rural
THOOTHUKUPI,Rural
MOHUDA,Rural
KANGAYAM,Rural
DUBLIN,Rural
ARAKKONAM,Rural
MAHILPUR,Rural
MANGAF,Rural
SIRKALI,Rural
DISTT-HOSHIARPUR,Rural
TARAN,Rural
JAHANGIRABAD,Rural
BLAIR,Rural
SRINIVASPURI,Rural
HARINGHATA,Rural
SANGLA,Rural
HOSABETTU,Rural
JAGRAON,Rural
CHARODA,Rural
SRIKALAHASTI,Rural
SIVIDAO,Rural
BASTAR,Rural
QUPEM,Rural
GADARPUR,Rural
SALIGAO,Rural
ASSOLNA,Rural
VARLA,Rural
UDAYARPALAIYAM,Rural
LAXMANGARH,Rural
BALLABGHAR,Rural
KOSLI,Rural
PUKHURIA,Rural
SAMANA,Rural
DEHGAM,Rural
THURUTHY,Rural
HUJURNAGAR,Rural
SATPURA,Rural
KIGALI,Rural
BHUJ-KUTCH,Rural
KANNIYAKUM,Rural
PATTIVEERANPATTI,Rural
ANUPASHAHR,Rural
BHAYANDER,Rural
KURLA,Rural
NAVELIM,Rural
KALEEN,Rural
PALAKKADI,Rural
TEHRIGARHWAL,Rural
BENGALOORE,Rural
VEDASANDUR,Rural
AJMAN,Rural
KANAYANKAVAYAL,Rural
KHATAULI,Rural
ASHFIELD,Rural
MANDVI,Rural
STAINES,Rural
GHAZAIBAD,Rural
KOTRI,Rural
GODAVARIKHANI,Rural
KOCHIIN,Rural
BARIPADA,Rural
CHARLOTTE,Rural
SOHANA,Rural
PILERNE,Rural
BANSULA,Rural
JUNGPURA,Rural
PRODDATUR,Rural
KODAD,Rural
TIRTHOL,Rural
MYLAVARAM,Rural
SECUNDERBAD,Rural
MIRAMAR,Rural
SHEOGANJ,Rural
KHARDAH,Rural
TRISSUR,Rural
BAROTIWALA,Rural
SHEOPUR,Rural
TALEIGAD,Rural
CHOOLAIMEDU,Rural
AMORHA,Rural
VISHAKAPATANAM,Rural
BARGAON,Rural
MUNDAGOD,Rural
DARABHANGA,Rural
METTUPALAYAM,Rural
DAMMAM,Rural
SUNDARNA,Rural
CHICKBALLAPUR,Rural
DUMUDUMA,Rural
DUNGARAPUR,Rural
CHHINDWA,Rural
KOVAI,Rural
AHAMADNAGAR,Rural
MOHADI,Rural
SANQUELIM,Rural
ANOOPPUR,Rural
TIRUCHENGODE,Rural
MHOLEL,Rural
SANUORDEM,Rural
THIRUVANDRAM,Rural
BURLI,Rural
JAGADDAL,Rural
MOGRI,Rural
PATRATUR,Rural
SONAMURA,Rural
MARIGAON,Rural
BHIMPUR,Rural
BIETIGHEIM,Rural
CHANDAUSI,Rural
NAGARI,Rural
PEORIA,Rural
THALAYOLAPARAMBU,Rural
NAMMAKAL,Rural
MCKINNEY,Rural
RAGHURAJANAGAR,Rural
HAROHALLI,Rural
NORBURY,Rural
HATFIELD,Rural
BELONIA,Rural
MIRAROAD,Rural
CHENGALPATTU,Rural
PALLA,Rural
TEEKOY,Rural
CHIRANG,Rural
KUSHAIGUDA,Rural
BANDIKUI,Rural
BELTHUNGADY,Rural
MANGALDAI,Rural
PUDUCHERY,Rural
TIPTUR,Rural
MUNNAR,Rural
BROACH,Rural
UNCHAHAR,Rural
CHAVARA,Rural
NEKNAM,Rural
ZIRKPUR,Rural
PONNERI,Rural
MEHATVAS,Rural
SALCETTE,Rural
AMBERNATH-E,Rural
RANAGHAT,Rural
SECUDERABAD,Rural
GHATAMPUR,Rural
TELIBAGH,Rural
NAZAFGARH,Rural
VANIYAMBADI,Rural
ALIBAG,Rural
MAHADEVAPURA,Rural
SARDARSHAHAR,Rural
JEJURI,Rural
OLDHAM,Rural
MULBAGAL,Rural
DHARUHEDA,Rural
CHANGANACHERRY,Rural
GUMLA,Rural
TITAGARH,Rural
BOLANGIR,Rural
SURREY,Rural
JUBAIL,Rural
JOURA,Rural
BURHANPUR,Rural
VEEYANNOOR,Rural
KAILSA,Rural
HAMBURG,Rural
VARTHUR,Rural
NOWGAON,Rural
EDARAPALLI,Rural
SHAHKOT,Rural
SULLIA,Rural
CURTORIM,Rural
JALOR,Rural
SHAMIRPET,Rural
NONGTHYMAI,Rural
AHEMDABAD,Rural
KOVILPATTI,Rural
DHAKHOLI,Rural
KHONGOM,Rural
TANGUTUR,Rural
NILAMBUR,Rural
ATTAPPALLAM,Rural
KAZHAKUTTON,Rural
MEDHASAN,Rural
PUNDARI,Rural
CHAMPHAI,Rural
KHAIRTHAL,Rural
KHAJURAHO,Rural
LILUAH,Rural
DORAHA,Rural
DIWAR,Rural
ADAMBAKKAM,Rural
EDAPPADI,Rural
KURGAON,Rural
PARAMAKUDI,Rural
MAARSSEN,Rural
DINHATA,Rural
DINGDINGA,Rural
KRISHNARAJPET,Rural
KOZHIKODA,Rural
SHIVPURI,Rural
SIRSALA,Rural
NATHADVARA,Rural
CHACKAN,Rural
BHUJKUTCH,Rural
MIYAPUR,Rural
KOOTHATTUKULAM,Rural
BHOLATH,Rural
KINNAUR,Rural
PINDWARA,Rural
TENALI,Rural
SHIKRAPUR,Rural
SHEOHAR,Rural
CHAURACHANDPUR,Rural
ALAPUZHA,Rural
KHANDAGIRI,Rural
POONITHURA,Rural
MAHUVA,Rural
DOMBIVILI,Rural
VIJAYWADA,Rural
RAIGADH,Rural
VISNAGAR,Rural
SUNDARPUR,Rural
BIRMINGHAM,Rural
VASNA,Rural
MALAPURAM,Rural
SINNAR,Rural
GOBICHETTIPALAYAM,Rural
MANAVADAR,Rural
GOBINDAPUR,Rural
TAL-MORMUGAO,Rural
TIRUHIRAPPALLI,Rural
INDOORE,Rural
RANIKHET,Rural
VATAKARA,Rural
GOHARGANJ,Rural
SEONI,Rural
TRICHIRAPALLI,Rural
SUBARNAPUR,Rural
DENHAAG,Rural
TUTOCORIN,Rural
RAJPUR,Rural
SOLIHULL,Rural
MUNICIPALITY,Rural
MANDLA,Rural
SAWANTWADI,Rural
SATHYAMANGALAM,Rural
JARLAHI,Rural
DENKANIKOTTAI,Rural
MIHIJAM,Rural
KARTHIKAPPALLY,Rural
ALLOOR,Rural
SAMSTIPUR,Rural
USMANABAD,Rural
JANGIPUR,Rural
ARUMBAKKAM,Rural
ARUPPUKKOTAI,Rural
TALUKA-CHANDRAPUR,Rural
SUMERPUR,Rural
CHICKMAGALUR,Rural
NIDADAVOLE,Rural
ASSAGAO,Rural
DATIYA,Rural
HUBBALLI,Rural
MANDAPETA,Rural
JAINTA,Rural
MOHANPUR,Rural
BARAKAR,Rural
HARCHANDPUR,Rural
ANANTHAPUR,Rural
PADHAR,Rural
NERUL,Rural
NILGONDA,Rural
THWAL,Rural
YALVATTI,Rural
THALAVOOR,Rural
BHATAPARA,Rural
MURSHIDABA,Rural
USGAO,Rural
BAINSI,Rural
GUJARAT,Rural
MOIRA,Rural
TIRUTHANI,Rural
DIST-GANDHINAGAR,Rural
RANNI,Rural
OKHALDHUNGA,Rural
PEDNEM,Rural
JATNI,Rural
TRIPUNITHURA,Rural
FATEHGARH,Rural
NAMALGUNDU,Rural
DIST-ANAND,Rural
JANJGIR,Rural
NEURA,Rural
SASARAM,Rural
BAGPAT,Rural
ELANJI,Rural
RAMNAD,Rural
CHANDANNAGAR,Rural
GUNJUR,Rural
MORLEM,Rural
DHUPGURI,Rural
KOLKATTA,Rural
RASIPURAM,Rural
KUMTA,Rural
JHARSUGUDA-ORISSA,Rural
SHRAWASTI,Rural
TINDIVANAM,Rural
HALDIA,Rural
JHABUA,Rural
NOTTINGHAM,Rural
YERPEDU,Rural
VISKHAPATAM,Rural
MALERKOTLA,Rural
KANJIRAPPALLY,Rural
BIJPUR,Rural
DUBLIN1,Rural
SAGWARA,Rural
DARIBA,Rural
CHIKKADORNABETTA,Rural
AREZZO,Rural
AMALAPURAM,Rural
SALGAON,Rural
KHAIRTAL,Rural
ALENCODVILAI,Rural
KANYAKUMARIDIST,Rural
KARAIKAL,Rural
THODAPUZHA,Rural
TILLAKNAGAR,Rural
ARMOOR,Rural
PUDUKKOTTAI,Rural
BHADOHI,Rural
DOBIVALI,Rural
SINGTAM,Rural
HIRPURA,Rural
SHAHDARA,Rural
DAVANAGERE,Rural
MARIAHU,Rural
ARVALLI,Rural
GUDALUR,Rural
MALKANGIRI,Rural
KHARKHARA,Rural
SAWAIMADHOPUR,Rural
HARGOBINDPUR,Rural
BIAWAR,Rural
KHETRI,Rural
BIHARSHARIF,Rural
SAHIBJADA,Rural
SEMORE,Rural
RAEBARELY,Rural
PANNA,Rural
NATNAVL,Rural
BICHHIWARA,Rural
BANSGAON,Rural
KUTHA,Rural
TAHNE,Rural
AMBATTUR,Rural
DARGAMITTA,Rural
TIRUCHIRAPPALI,Rural
DADAR,Rural
SALCETE,Rural
SIGHWAL,Rural
MURADABAD,Rural
ASHTA,Rural
MORIA,Rural
PALLAVARAM,Rural
LONAVALA,Rural
DINDORI,Rural
NAWASHAHR,Rural
BAIRNSDALE,Rural
HONGKONG,Rural
DIST-RAIGAD,Rural
ISLAMPUR,Rural
BRAMPTON,Rural
KULTI,Rural
RUPBAS,Rural
ARUPPUKOTTAI,Rural
SRIDHARNAGAR,Rural
JAISINGHPUR,Rural
DIST-BOKARO,Rural
PARAVOOR,Rural
THRUVANNAMALAI,Rural
SAMAYAN-AURAIYA,Rural
ANUGUL,Rural
SIRKAKULAM,Rural
NADACKAL,Rural
TIHIDI,Rural
HALIYAL,Rural
RAMANAGARA,Rural
WALLISELLEN,Rural
MARKAPUR,Rural
GLASGOW,Rural
TARAORI,Rural
VISKHAPATNAM,Rural
NISSING,Rural
MIRZA,Rural
KAMOTHE,Rural
BHOGPUR,Rural
TADEPALLI,Rural
BIKRAMGANJ,Rural
KALAYANI,Rural
ATTINGAL,Rural
CHANNAPATNA,Rural
PATHAPATNAM,Rural
GHAZIZBAD,Rural
SHAHABAD,Rural
PRATHIPADU,Rural
TANUKU,Rural
SIVAKASI,Rural
BANTVAL,Rural
PUNCHKULA,Rural
WADKHAL,Rural
KATHUA,Rural
SHAHADRA,Rural
KAURTHALA,Rural
QUINCY,Rural
GHATARO,Rural
SHAHADARA,Rural
QADIAN,Rural
BASINGSTOKE,Rural
KEGAON,Rural
WALANDI,Rural
GAGANPAHAD,Rural
RAJIYAWAS,Rural
BERHAMPORE,Rural
MORADA,Rural
KABIRNAGAR,Rural
SONAPUKUR,Rural
DEVANAHALLI,Rural
KOPARKHAIRANE,Rural
RATANPUR,Rural
NARKATIAGANJ,Rural
FATEHNAGAR,Rural
JAYAKONDAM,Rural
CHACHAK,Rural
JANDIALAGURU,Rural
TRIUPPUR,Rural
BIDHANNAGAR,Rural
SHUJALPUR,Rural
MOTIHARI,Rural
TRIVANDRAUM,Rural
BANURH,Rural
RANOLI,Rural
GHATKESAR,Rural
MANAPAKKAM,Rural
PHOENIX,Rural
TIRUVALLA,Rural
KODAMBAKKAM,Rural
JUBBAL,Rural
RAMPURHAT,Rural
MUNCHEN,Rural
PIMPALI,Rural
UDAIPURA,Rural
NAROLI,Rural
MALVERN,Rural
MAJIRDANGA,Rural
MAHASAMUND,Rural
MEHRAULLI,Rural
MANAULI,Rural
MAKRANA,Rural
MINJUR,Rural
NANGUNERI,Rural
MARIHAN,Rural
MADIPPAKKAM,Rural
MUDIGERE,Rural
LUNGLEI,Rural
MANDAL,Rural
ZUARINAGAR,Rural
SHAHBAD,Rural
SHRIRAMPUR,Rural
HELSINKI,Rural
SASNAGAR,Rural
SEKMAI,Rural
GAUTAMBUDHNAGAR,Rural
SHAKARPUR,Rural
SHIRAPUR,Rural
ETUMANOOR,Rural
HINDUPUR,Rural
EDAPUZA,Rural
SILVASA,Rural
DIST-LUDHIANA,Rural
DHRANGADHRA,Rural
DASAJ,Rural
SRIVILLIPUTTUR,Rural
SANGAREDDY,Rural
HOJAI,Rural
SUNAM,Rural
JHIRPANI,Rural
KANDANGALI,Rural
KANATA,Rural
KAKNPUR,Rural
KAJORA,Rural
RAJSAAMAND,Rural
KADIRI,Rural
JAMATARA,Rural
HOSANAGARA,Rural
JALNDHAR,Rural
JAKKUR,Rural
SAGARESWAR,Rural
SAKLESHPUR,Rural
ICHALKARANJI,Rural
HUZUR,Rural
CYPRESS,Rural
CUDDALOREDT,Rural
KANIYAKUMARI,Rural
ANTARJAL,Rural
VALAYANKULAM,Rural
BAGAHA,Rural
VARANAASI,Rural
VASANIYA,Rural
AUROVILLE,Rural
VAZHOOR,Rural
VIJAYARAI,Rural
VADAKARA,Rural
VIKARABAD,Rural
VILLAGE,Rural
AMESTERDAM,Rural
AMALSADA,Rural
AIZWAL,Rural
ADYAR,Rural
BALACHAUR,Rural
UTRAJ,Rural
COCKEYSVILLE,Rural
BORIAVI,Rural
CHINSURAH,Rural
CHINCHWAD,Rural
CHICAGO,Rural
CHATRA,Rural
CHAPAD,Rural
BURUCH,Rural
THRICKODITHANAM,Rural
BANAGLORE,Rural
TIGHARA,Rural
TIRUR,Rural
BEDFORD,Rural
BANTWALA,Rural
BANSBERIA,Rural
BANKI,Rural
RADHANPUR,Rural
GIDDERBAHA,Rural
PAURI,Rural
KUTTANADU,Rural
PATNAGARH,Rural
KOTKASIM,Rural
ABOHAR,Rural
PUNGANUR,Rural
PUNJAB,Rural
PARAVADA,Rural
PARASIA,Rural
KURUD,Rural
KODARMA,Rural
KHARSAWAN,Rural
PALWANCHA,Rural
KARKUDALPATTI,Rural
PALPA,Rural
PANAGARH,Rural
KOKRAJHAR,Rural
PATTAN,Rural
CHERUVATHUR,Rural
TARAKESWAR,Rural
TAWANG,Rural
PATRATU,Rural
DAYANATPUR,Rural
NANDAN,Rural
CHIKHLI,Rural
TENKASI,Rural
THIRUVALLORE,Rural
KOTPUTLI,Rural
BUKSAR,Rural
THIRUVIDANTHAI,Rural
DHANETI,Rural
ONGOLE,Rural
PATTI,Rural
DAYTON,Rural
SWEILEH,Rural
CHURCHANPUR,Rural
MEENACHIL,Rural
SONARPUR,Rural
KOVILANDY,Rural
COVENTRY,Rural
KANND,Rural
CUDDALOUREDT,Rural
SUKET,Rural
STOCKPORT,Rural
DARANG,Rural
DENKANIKOTTA,Rural
PERUMBAVOOR,Rural
CORLIM,Rural
NALAPPURAM,Rural
BODELI,Rural
MADDUR,Rural
BALKONDA,Rural
KUNNOTHUPARAMBA,Rural
KURSEONG,Rural
MUNDGOD,Rural
NAGDA,Rural
KURUSHETRA,Rural
VENNIKULAM,Rural
ARIYAPPAPURAM,Rural
VIJAYAPURAM,Rural
PANCHASAYAR,Rural
ANGAMALY,Rural
ANDRWARI,Rural
AMRISTSAR,Rural
VISHAKAPATNAM,Rural
AMALNER,Rural
USGAON,Rural
BANGALOORU,Rural
UMARKHED,Rural
TIRVANDRUM,Rural
BIDADA,Rural
MOIRANG,Rural
BHETESWAR,Rural
PERUMPUZHA,Rural
BHATKAL,Rural
KOZHUVANAL,Rural
TITWALA,Rural
ULSAN,Rural
MACHILIPATNAM,Rural
TURUVEKERE,Rural
UDAYARPALAYAM,Rural
UDUMALPET,Rural
MOSABANI,Rural
KUNJIBETTU,Rural
DHERADUN,Rural
KARIAPATTI,Rural
LATHUR,Rural
DLAPAZHA,Rural
KHARSIA,Rural
SAGOOR,Rural
KAKHERI,Rural
KARODU,Rural
JAGATPUR,Rural
JIMBARAN,Rural
KARPI,Rural
JADAVPUR,Rural
RANNY,Rural
HANSI,Rural
IRAGAVARAM,Rural
SANTOKHGARH,Rural
SANTIPUR,Rural
INFORE,Rural
HAZARIBAG,Rural
POGURUPALLI,Rural
KHANPUR,Rural
SANDHAUSEN,Rural
NIMBAHERA,Rural
KATTUNGA,Rural
NEDUMPURAM,Rural
INDIA,Rural
HOHIARPUR,Rural
KATTUR,Rural
POONAMALLI,Rural
GUILDERLAND,Rural
GORAMATI,Rural
NOKRA,Rural
GANDEVI,Rural
KANKROLI,Rural
MAHABUBABAD,Rural
SIANA,Rural
KANKINARA,Rural
PUTHUKKAD,Rural
FARRAKHABAD,Rural
KHURJA,Rural
GANAPARTHI,Rural
PURVICHAMPARAN,Rural
PUNALUR,Rural
KARJAT,Rural
GANGAWATI,Rural
PITAMPURA,Rural
KHOBAR,Rural
SHAHDARI,Rural
LATEHAR,Rural
MALLAPPALLY,Rural
KASOR,Rural
GOLLAPELLY,Rural
MAHBOOBNAGAR,Rural
KAYAMKULAM,Rural
VALLABHVIDYANAGAR,Rural
VAPHGAON,Rural
PURANPUR,Rural
PAPUMPARE,Rural
PALAMANER,Rural
VALAVANNOOR,Rural
PURAPUZHA,Rural
VASANTHNAGAR,Rural
PANCHMAHAL,Rural
YANAM,Rural
WOODSIDE,Rural
PAMMAL,Rural
NAGALAND,Rural
RAJAHYUNDRY,Rural
RAJENDRANAGAR,Rural
PANBAZAR,Rural
VIJAYANAGARAM,Rural
NAGEERCOIL,Rural
VIDHYANAGAR,Rural
VERAVAL,Rural
VELIYANAD,Rural
RAMSIN,Rural
VASIND,Rural
PANTI,Rural
RANGARDDEY,Rural
VAGHASI,Rural
PERUVANTHANAM,Rural
RATALAM,Rural
RAYAMANGALAM,Rural
SARAGADA,Rural
TELANAGANA,Rural
SARDHANA,Rural
TAORU/MEWAT,Rural
TANJAVUR,Rural
SENEPATI,Rural
SHAHADA,Rural
SHAHAPUR,Rural
PATTUKOTTAI,Rural
OMALUR,Rural
NAPERVILLE,Rural
PEDDAVADUGUR,Rural
PERNEM,Rural
PHALTAN,Rural
SHYAMPUKUR,Rural
SIDHPUR,Rural
SINGHBUM,Rural
SANVORDEM,Rural
THENILGIRIS,Rural
THIRUCHIRAPPALLI,Rural
SAMARKHA,Rural
PADRA,Rural
UTKOOR,Rural
RIBANDAR,Rural
RIIHIMAKI,Rural
RUDRAVARAM,Rural
PARAVUR,Rural
TRIVANDRUN,Rural
TIRUMALAGIRI,Rural
THIRUNELLAI,Rural
SAMTRA,Rural
TIMBANA,Rural
NALBARI,Rural
TIKRIKILLA,Rural
SANJOSE,Rural
THIRUVANATHAPURAM,Rural
THIRUPUR,Rural
NUAPADA,Rural
KULITHALAI,Rural
DT-KENDRAPARA,Rural
DARRANG,Rural
JAISALMER,Rural
CROYDON,Rural
MANDIDEEP,Rural
JALANDHER,Rural
CHINTAMANI,Rural
JAMNER,Rural
CHHAPARA,Rural
MANGAORE,Rural
CHEVAYOOR,Rural
CHERUPUZHA,Rural
MANGATTIDAM,Rural
CHAPARA,Rural
CHANNAI,Rural
CHANGANASERRY,Rural
CHANDPUR,Rural
GHATKOPAR,Rural
CHAMAPAWAT,Rural
CHAKRADHARPUR,Rural
CANSAULIM,Rural
MATHTHIGATTI,Rural
CACORA,Rural
JUINAGAR,Rural
BULANDSHAR,Rural
JYANGRA,Rural
BIJNI,Rural
BHILAKHEDI,Rural
BETTIAH,Rural
MANARCADU,Rural
DARWANDO,Rural
KADAVANTHRA,Rural
DAULATPUR,Rural
GAUTAMBUDDHANAGAR,Rural
GOKAK,Rural
MADANPLLI,Rural
GUDIWADA,Rural
GANGAPUR,Rural
GUNDIYAL,Rural
LOHAGHAT,Rural
GADMALA,Rural
MADHURAI,Rural
FACTORY,Rural
ETTAYAPURAM,Rural
HAJARIBAG,Rural
HAVELI,Rural
HAYES,Rural
LAUBANJ,Rural
MAHUDHA,Rural
HOUSTON,Rural
DISTIC,Rural
DIST-KANGRA,Rural
DINAJPUR,Rural
DIDWANA,Rural
ICHAPUR,Rural
LAKHISARAY,Rural
MALLAPUR,Rural
IRVING,Rural
ITANGAR,Rural
DAVORLIM,Rural
BENGGALOORU,Rural
CHAMPA,Rural
GHAMBHAT,Rural
MOHINDERGARH,Rural
KUDAL,Rural
KANNAPURAM,Rural
KORIA,Rural
MUNDAWAR,Rural
BADSHAPUR,Rural
BADLAPURE,Rural
MUNDAKAYAM,Rural
KARBI,Rural
ANATAPUR,Rural
KARNAKULAM,Rural
ALORE,Rural
KARNAUJ,Rural
KARORA,Rural
KOVVUR,Rural
KUNDAPURA,Rural
KARUNAGAPPALLY,Rural
KATGHORA,Rural
KHAMANON,Rural
ANGAMALI,Rural
MULUND,Rural
KAMOTE,Rural
AMRITASAR,Rural
KHATIMA,Rural
ALAIN,Rural
BELGHORIA,Rural
KONDHAPURI,Rural
BEGUSRAI,Rural
MEMPHIS,Rural
MIDNAPUR,Rural
AIROLI,Rural
KALAMBOLI,Rural
ANJUNA,Rural
GURUVAYOOR,Rural
SANATORIUM,Rural
HYDRARABAD,Rural
SANKARANDAMPALAYAM,Rural
KHAJUWALA,Rural
HASIMARA,Rural
KOLLEGAL,Rural
PHUNCHAWNG,Rural
GOMATI,Rural
KESHPUR,Rural
GOREGAO,Rural
GORGAON,Rural
PERINGANADU,Rural
HADAPSAR,Rural
SALWA,Rural
SAMALPUR,Rural
PERINTHAALMANNA,Rural
KHARSWAN,Rural
HOOGLY,Rural
GUDIYATTAM,Rural
SANAMBATLA,Rural
PERUVAYAL,Rural
HEIDENHEIM,Rural
PERIYARAMAPURAM,Rural
RALEIGH,Rural
SALAKHUA,Rural
JHUNJHUNUN,Rural
RAIKOT,Rural
RASULIYA,Rural
RAIKULA,Rural
RASULGARH,Rural
RAJAMANDRY,Rural
RAJANAGARAM,Rural
JHILO,Rural
RANGPO,Rural
JHANDUTA,Rural
KALABURAGI,Rural
RANGIA,Rural
KAIRA,Rural
RAJOURI,Rural
JUNAGAOH,Rural
RAMESWARAM,Rural
KAIMURBHABUA,Rural
RAIBARELI,Rural
RAURKELA,Rural
SAITHARUPETA,Rural
KARIMANNOOR,Rural
KENDUJHAR,Rural
SAIDPUR,Rural
SAHUPURI,Rural
SAHIPURI,Rural
KAVANAD,Rural
SADARI,Rural
JAJAPUR,Rural
RUPNARAYANPUR,Rural
JAROD,Rural
JALENDHAR,Rural
KARAKULAM,Rural
RIFFA,Rural
KARAD,Rural
JANGAREDDIGUDEM,Rural
QUIRLAPALE,Rural
RENTON,Rural
KARTIKULAM,Rural
SATTUR,Rural
GAUHATI,Rural
BARELLIY,Rural
BAHADURGAR,Rural
BAHARAICH,Rural
BAIJNATH,Rural
UTTARAKHAND,Rural
BALOTARA,Rural
UTHUKOTTAI,Rural
UTHIRAMERUR,Rural
BANGARPET,Rural
BANOUR,Rural
UJHANI,Rural
BARUARI,Rural
SHAHRANPUR,Rural
BASDEHRA,Rural
TRITOL,Rural
BELAPUR,Rural
TRIBENI,Rural
BELTHANGADI,Rural
BEMETARA,Rural
BODI,Rural
BRUSSEL,Rural
BRUXELLES,Rural
BYCULLA,Rural
BADGAM,Rural
BADAUT,Rural
AZITNAGAR,Rural
AVINASHI,Rural
ADALAJ,Rural
YEDTHARE,Rural
WRZESNIA,Rural
WORLI,Rural
WESTLANDS,Rural
ALIPURDUAR,Rural
WALAJA,Rural
ALLEPEY,Rural
ALPPEY,Rural
ANANDPURI,Rural
VIRAMGAM,Rural
VILAMPUR,Rural
ANKIESHWAR,Rural
ANKOLA,Rural
ANNAVARAM,Rural
ANTWERPEN,Rural
ARACKULAM,Rural
ARAKUZHA,Rural
VEMAGIRI,Rural
ARUVAPPULAM,Rural
VEDURUKUPPAM,Rural
THIRUTHANI,Rural
CARINDALE,Rural
CHAKLASI,Rural
DHONE,Rural
DLEHI,Rural
DOMBVALI,Rural
KOPERKHAIRANE,Rural
SINGBHUM,Rural
DUKIRKLINE,Rural
SINDHUDURGA,Rural
EDAICODE,Rural
SILIGURU,Rural
EDISON,Rural
SIHUNTA,Rural
ELAMKULAM,Rural
ERLANGEN,Rural
ETOBICOKE,Rural
FARWANIYA,Rural
GADWAL,Rural
SHIKOHABAD,Rural
SHERGHATI,Rural
GAJRAULA,Rural
GANGOLIHAT,Rural
GANJAN,Rural
GARSHANKAR,Rural
SIRSOD,Rural
SIVAGIRI,Rural
THIRTHALLI,Rural
DHANTURIA,Rural
THANJAUR,Rural
THALASSERI,Rural
TEHRI,Rural
CHATRAPUR,Rural
TATANAGAR,Rural
TASGAON,Rural
TAMPINES,Rural
CHICKABALLAPUR,Rural
CHIKKAMANGALORE,Rural
CHUNAR,Rural
COLABA,Rural
CORTALIM,Rural
CUTTAK,Rural
SUBBAL,Rural
DANDENONG,Rural
DEHAT,Rural
SOUTHALL,Rural
DEULGAON,Rural
DEVALI,Rural
DHANAPUR,Rural
DHANSAR,Rural
KOPARKHIRANE,Rural
ABHANPUR,Rural
MAHBOULA,Rural
LANDHRAN,Rural
KORABUT,Rural
MADHOPUR,Rural
MUTHOLY,Rural
OTTERFING,Rural
KURICHI,Rural
PARADEEP,Rural
PADANAKKARA,Rural
MEGHPAR,Rural
KOTAGIRI,Rural
LUNAWADA,Rural
PAKALA,Rural
NARASPUR,Rural
LALKUAN,Rural
NARASINGHOME,Rural
NIZAMPATNAM,Rural
NAGAI,Rural
NANITAL,Rural
MANPURI,Rural
KOZHENCHERRY,Rural
KRISHNAPURAM,Rural
NAIROBI,Rural
MARYGANJ,Rural
PARRA,Rural
LIVERPOOL,Rural
NARMADA,Rural
NAGRI,Rural
MALEGAON,Rural
KUMARAMANGALAM,Rural
MUMAI,Rural
PALANWA,Rural
OSAKA,Rural
MANNUR,Rural
MALAKPET,Rural
PAYAL,Rural
MAHABNAGAR,Rural
NARSANDA,Rural
MAHAD,Rural
NEDUNGADAPALLY,Rural
MUVATTUPUZHA,Rural
MANAMADURAI,Rural
NURPUR,Rural
MAHIM,Rural
DHARAMPUR,Rural
PALLADAM,Rural
HOOFDDORP,Rural
THIRVVANNAMALAI,Rural
UDWADA,Rural
HOFUF,Rural
LEEDS,Rural
HENDERSON,Rural
SANGELI,Rural
PALLIPALAYAM,Rural
HIRANAGAR,Rural
BARAJAGULI,Rural
BAPULAPADU,Rural
MINDAPORE,Rural
DHARAWAD,Rural
DASAI,Rural
BIOSAR,Rural
UDAWADA,Rural
HARAPANALLI,Rural
UDALGURI,Rural
ROMPICHERLA,Rural
JAMESHEDPUR,Rural
JAMBUSAR,Rural
THIRUVOTTIYUR,Rural
HARSAN,Rural
NJEEZHOOR,Rural
MALLAPPURAM,Rural
BILARA,Rural
SANJAN,Rural
BAHRAIN,Rural
SANGUR,Rural
ROSHANBAGH,Rural
SANGUEM,Rural
DHARMSHALA,Rural
DAUND,Rural
BORAS,Rural
BOOTHGARH,Rural
SAKAKA,Rural
VADDEM,Rural
VADAPURI,Rural
DEVKHEDA,Rural
JAGATSINGHAPUR,Rural
BONGAON,Rural
SAKOLI,Rural
BONIYAR,Rural
SONAPURA,Rural
PANCHAMAHAL,Rural
MIRAJ,Rural
BOUDH,Rural
DEHRARUN,Rural
UTTARPARA,Rural
LADNUN,Rural
SAHIB,Rural
INSUDTRIAL,Rural
THOUDAL,Rural
LACKNOW,Rural
INDORA,Rural
DHADKA,Rural
SADAVALI,Rural
BANAHATTI,Rural
PANDARE,Rural
BANGANA,Rural
HUGLY,Rural
DEBNAGAR,Rural
HUKKERI,Rural
SKIEN,Rural
DHANDBAD,Rural
HYDERABD,Rural
LALANGUTE,Rural
SALODARIYA,Rural
PANCHUKULA,Rural
SOHNA,Rural
SALKIA,Rural
SADAR,Rural
HARAIRAMPUR,Rural
MEDEK,Rural
BANDIPORA,Rural
PANGADA,Rural
BAUPUR,Rural
MALAKAPUR,Rural
SHIRPUR,Rural
BHARANG,Rural
BHALUHI,Rural
GADKHOL,Rural
ORISSA,Rural
BHAJJU,Rural
ORPINGTON,Rural
SHERKHANIAN,Rural
SINDHNUR,Rural
GALIVEEDU,Rural
BHADRWAH,Rural
BHABHUA,Rural
MADHAPAR,Rural
GANGARDI,Rural
SHANKHWALI,Rural
GANJAM-DISTRICT,Rural
PACHALAM,Rural
GANTOK,Rural
BEWAR,Rural
PACHORE,Rural
ORIKKAI,Rural
BHARMOUR,Rural
GAUTAMBUDDHNAGAR,Rural
SHIVAGANGA,Rural
TIRUKOILUR,Rural
SILHAR,Rural
EDOGAWA-KU,Rural
SIKANDRABAD,Rural
SIKANDRA,Rural
EKANGARSARAI,Rural
ELAMBAL,Rural
EAGAN,Rural
TIRUCHY,Rural
MADIPAKKAM,Rural
BHAVANI,Rural
BHAVANAGAR,Rural
EZHAMKULAM,Rural
BHATNI,Rural
EZHUMATTOOR,Rural
MADHURANAGAR,Rural
SHIVGANJ,Rural
FAIDABAD,Rural
BHATLURU,Rural
PADGHA,Rural
BHIKIYASEN,Rural
DINDIGUAL,Rural
BHORANJ,Rural
TIRPUR,Rural
LUDHIANAN,Rural
NAOPARA,Rural
GOZARIYA,Rural
BHUANESWAR,Rural
BEGOWAL,Rural
DOKIPARRU,Rural
BHUNA,Rural
LUDDALORE,Rural
LUCKNOE,Rural
GUGAON,Rural
MAJORDA,Rural
VALUACHAGOSTAM,Rural
SARUD,Rural
GURGAOPN,Rural
BAULPUR,Rural
NONGSTOIN,Rural
HAARLEM,Rural
TILAKPUR,Rural
PALAJ,Rural
GORAKPUR,Rural
GAYESHPUR,Rural
BELATHUR,Rural
GHAIZABAD,Rural
GHARAUNDA,Rural
SHAHALAM,Rural
MAHUWA,Rural
GHAZIAHBAD,Rural
NARAYANAPUR,Rural
GHAZIZABAD,Rural
SEVALIA,Rural
GLENGOWRIE,Rural
BHIMTAL,Rural
GOHNA,Rural
SEPAHIJALA,Rural
MEHENDRAGARH,Rural
GOKULPUR,Rural
BELGAVI,Rural
TIRUCHANOOR,Rural
TRIMURTY,Rural
SELANGOR,Rural
SELAI,Rural
BUHANA,Rural
NEDUMUDY,Rural
MANANTHAVADY,Rural
MUNIRABAD,Rural
RAGHUNATHAPUR,Rural
BAHADORGARH,Rural
CHANGANASSSERY,Rural
MUMMALLAPALLE,Rural
RADHAPURAM,Rural
VISAKHAPATMAN,Rural
KILKATA,Rural
AHMAD,Rural
QUTUBULLAPUR,Rural
CHANGNACHERRY,Rural
AMGRON,Rural
CHITPUR,Rural
KHUNDIAN,Rural
KUALALUMPUR,Rural
KRISHNAGIRIDT,Rural
TABALPUR,Rural
PATHANMTHITTA,Rural
CHAMPARAM,Rural
MAREPALLI,Rural
RAIBAREILLY,Rural
ANGADY,Rural
THEKKUMBHAGAM,Rural
COLVA,Rural
VIDYANAGARA,Rural
RAJASTHAN,Rural
THERUMMAL,Rural
KALIKAPUR,Rural
NAHSIK,Rural
AHAMEDNAGAR,Rural
KILKUNDAH,Rural
RAJAHMUNDRI,Rural
KALPAKKAM,Rural
ANIMOOR,Rural
PARSAON,Rural
KAMALGHAT,Rural
NAGUR,Rural
RAIGANJ,Rural
KAMALI,Rural
MANER,Rural
KARKALA,Rural
NAERCOIL,Rural
PURULIA-1,Rural
ALIGANJ,Rural
WILLOUGHBY,Rural
KHARAL,Rural
KHACHROD,Rural
ALBION,Rural
PRANTIJ,Rural
POLUR,Rural
TALEGAON,Rural
KHARAGPURM,Rural
WAZIRGANJ,Rural
POWDIKONAM,Rural
MANESAR,Rural
CHICALIM,Rural
PORUORIM,Rural
PONNAMALLEE,Rural
KHAMBHAT,Rural
CHHIBRAMAU,Rural
AHMEDBAD,Rural
KESHIYA,Rural
KAYLA,Rural
VRINDABAN,Rural
KOTKAPURA,Rural
PATHAYELLAPUR,Rural
KOVVURU,Rural
PURBOMEDINIPUR,Rural
KOVAIPUDUR,Rural
MUNUGODE,Rural
CHINCHINIM,Rural
KASAGANJ,Rural
KASARAGODE,Rural
KASAULI,Rural
KASHGANJ,Rural
ALLAPPUZHA,Rural
THAKURDWARA,Rural
CHANDITALA,Rural
KATTUPAKKAM,Rural
NEEMTAL,Rural
PUDUSSERY,Rural
KAUSHMBI,Rural
KHANDESHWAR,Rural
VIDYAGIRI,Rural
PICHHORE,Rural
READING,Rural
NAZAFGARD,Rural
ZELEM,Rural
RAVIDASNAGAR,Rural
CHELGAL,Rural
BURAIDAH,Rural
BABUPUR,Rural
MOHINDARGARH,Rural
KOLLAKADAVU,Rural
JAYAPUR,Rural
MAVELIKKARA,Rural
MANDALGARH,Rural
JHARGRAM,Rural
KURUKSHETA,Rural
CAMPBELL,Rural
JHARIA,Rural
DAMDAMA,Rural
MOSCOW,Rural
MOHANIA,Rural
VARKALA,Rural
ASWAPURAM,Rural
RENAPUR,Rural
VAPADA,Rural
BAGDOGRA,Rural
RISHRA,Rural
JANDALI,Rural
BAGDAH,Rural
KUTTAMPZHA,Rural
KUTTAMPUZHA,Rural
PAZHAYANNUR,Rural
SRUNGAVARAPUKOTA,Rural
STAFFORD,Rural
NARSAPUR,Rural
CHATTERPUR,Rural
DAREWADI,Rural
VARAPETTY,Rural
KOPARKAIRNE,Rural
BADAYOAYO,Rural
ACCRA,Rural
CANACOWA,Rural
SUDPUR,Rural
YELLAPUR,Rural
KADANADU,Rural
RAMANTHALI,Rural
RAMANGARAM,Rural
SUNABEDA,Rural
KADLAS,Rural
KADMA,Rural
KADROLLI,Rural
CBD-BELAPUR,Rural
YEDITHA,Rural
KODARA,Rural
MATHABHANGA,Rural
KAIKINI,Rural
VEREM,Rural
PAURIGARHWAL,Rural
KUNDAPUR,Rural
PARDI,Rural
KAITHATHARA,Rural
KUNNATHUNAD,Rural
PHALODI,Rural
MANDAWA,Rural
PETLAD,Rural
KURICHIKKRAR,Rural
PAOMATA,Rural
SUJANPUR,Rural
CHENKODI,Rural
SUKHPAR,Rural
JODUPUR,Rural
CYBERABAD,Rural
ADHANUR,Rural
JORAPUKHURI,Rural
JOYPUR,Rural
NALAGONDA,Rural
MATHOOR,Rural
KHANDAJ,Rural
MANNHEIM,Rural
MANIGACHHI,Rural
NAWPARA,Rural
CHATARA,Rural
MANIMANGALAM,Rural
CHAPRELI,Rural
BHAYANDAR,Rural
CHANGLANG,Rural
BHAWARNA,Rural
TIRUCHIRAPPALLY,Rural
THANJVUR,Rural
BHEL,Rural
THRIUVALLUR,Rural
BISHESHARGANJ,Rural
BISHUNPUR,Rural
THIRUNINRAVAR,Rural
NASIRDA,Rural
BISSAR,Rural
MATIHA,Rural
BONASOLA,Rural
CANGO,Rural
THRRUVARUR,Rural
BORAWAR,Rural
THAKURLI,Rural
MAYYIL,Rural
THOTTHUKUDI,Rural
BRAJARAJNAGAR,Rural
BROOKLYN,Rural
THIRUVANMIYUR,Rural
THOOTHOKUDI,Rural
THOLICODE,Rural
MEDCHAL,Rural
THIRUVULLORE,Rural
CHAKDAH,Rural
CHAKDAHA,Rural
BISALPUR,Rural
MASKI,Rural
THAKURPUKUR,Rural
THALAPPALLY,Rural
MEERTU,Rural
MANPURA,Rural
TIRUCHI,Rural
BHIMRANA,Rural
CHANANACHERRY,Rural
BHIWADHI,Rural
CHAMRAJANAGAR,Rural
THANABHAWAN,Rural
THANI,Rural
BHUBANESWER,Rural
MARDOL,Rural
BHUNNA,Rural
THANJAVVR,Rural
TILAKNAGAR,Rural
CHALAKKUDI,Rural
THIDANADU,Rural
THIRSSUR,Rural
BUDRUK,Rural
KOPERKAIRNE,Rural
BHAWANIPATNA,Rural
ARAKONAM,Rural
VELPUR,Rural
VELVI,Rural
MORVI,Rural
VENGANALLUR,Rural
VENKURINNJI,Rural
ARRAH,Rural
ARMULA,Rural
NAKHATRANA,Rural
ANDAL,Rural
ARABIA,Rural
ANUPSHAHR,Rural
MUDPAR,Rural
MUGHALSARAI,Rural
MUKSAR,Rural
ANIKKADU,Rural
VILLOONNI,Rural
VELOOR,Rural
ARUSHA,Rural
VELLAVOOR,Rural
ASKAGANJAM,Rural
BADSHAHPUR,Rural
NALLOSAPARA,Rural
MOHAMADPUR,Rural
BADAPARA,Rural
BADAGARA,Rural
AZAWL,Rural
MONALI,Rural
AUCKLAND,Rural
AUBURN,Rural
ATMAKUR,Rural
ATELI,Rural
ASSAM,Rural
ASSAGAON,Rural
ASPUR,Rural
MORDABAD,Rural
ANDUL,Rural
VIRUPAKSHAPURA,Rural
BHAWANIGARH,Rural
AFZALGARH,Rural
WIRRAL,Rural
AHMADPUR,Rural
AHMADI,Rural
YADQIR,Rural
AGONDA,Rural
AFZLAPUR,Rural
YELLADGUNDI,Rural
MUNICH,Rural
ADITYAPUR,Rural
YERRAVARIPALEM,Rural
ZADESHWAR,Rural
NADALA,Rural
ZAHIRABAD,Rural
ZIRAKHPUR,Rural
ACANTT,Rural
NAGANUR,Rural
AJITGARH,Rural
AKHINI,Rural
AMBELIM,Rural
AMBALACANTT,Rural
AMBAK,Rural
ALTO-PROVORIM,Rural
NAGARMOHALI,Rural
MUNIRKA,Rural
VRINDAVAN,Rural
VYARA,Rural
MURADNAGAR,Rural
MURGASOL,Rural
WALCHANDNAGAR,Rural
WALSALL,Rural
ALATHUR,Rural
WANKANER,Rural
MURLIGANJ,Rural
MOGAR,Rural
VANBHORI,Rural
MOBARA,Rural
UDALA,Rural
BAYAD,Rural
BAURIPADA,Rural
TUTIKURIN,Rural
BASMAT,Rural
UCHANA,Rural
MHASAWAD,Rural
MILLERGANJ,Rural
UDALPUR,Rural
VALPARAI,Rural
BARSHI,Rural
BARPETA,Rural
BAROTHA,Rural
NANDURABAR,Rural
BAREGARH,Rural
NANDIA,Rural
MANGUESHI,Rural
TROMBAY,Rural
BEAVERTON,Rural
BEAWER,Rural
BEGUMPET,Rural
TIRUNELVLI,Rural
BHADURGARH,Rural
TIRUVANAMALAI,Rural
TIRUVANNAMAI,Rural
TIRUVAURR,Rural
BERGEN,Rural
BERAMPUR,Rural
NARAYANPUR,Rural
TODAMPARA,Rural
TOONGABBIE,Rural
TOSHAM,Rural
BELAUKH,Rural
TRICHYA,Rural
MELUR,Rural
BEKHAMPUR,Rural
UKBRUL,Rural
BANGKOK,Rural
ULUNDURPETTAI,Rural
BALOD,Rural
UXBRIDGE,Rural
V.V.NAGAR,Rural
BALLABHGARH,Rural
BALIMORA,Rural
VADGAON,Rural
BALBADDA,Rural
VADTAL,Rural
VADTHAL,Rural
BALASAUR,Rural
BAKSAR,Rural
BAIRIYA,Rural
NAMCHI,Rural
VAJEDA,Rural
BAIGUINIM,Rural
NAMBOL,Rural
UTTARSANDA,Rural
MITUANI,Rural
UMARGAM,Rural
BALODA,Rural
BANGARUPALEM,Rural
UMKDAIT,Rural
BANGALOE,Rural
UMRETH,Rural
UMROLI,Rural
UNAKOTI,Rural
BANALORE,Rural
UPPALAPADU,Rural
URBAN,Rural
BAMBOLIA,Rural
BALURGHAT,Rural
BALUGAON,Rural
MIRZAPAR,Rural
MISSISSAUGA,Rural
NAMSAI,Rural
BARAI,Rural
DHURWA,Rural
CHEENAI,Rural
JANNUSAN,Rural
PANOOR,Rural
RAVER,Rural
JAWALAMUKHI,Rural
JAWAJA,Rural
KUSTAGI,Rural
JARADA,Rural
KUSUNDA,Rural
REVDER,Rural
RI-BHOI,Rural
ROPNAGAR,Rural
JANJGIR-CHAMPA,Rural
JANDIALA,Rural
RIVERSIDE,Rural
JANAKPURI,Rural
ROHAN,Rural
JAMUL,Rural
JAMSAEDPUR,Rural
PANIAPT,Rural
JAWALI,Rural
JAYANKONDAM,Rural
JETALSAR,Rural
KUSHMANDI,Rural
KUNDHA,Rural
KADAVUR,Rural
KUNNAMKULAM,Rural
PARATWADA,Rural
JUNNAR,Rural
KUPWARA,Rural
PARAGANAS,Rural
JUFFAIR,Rural
JOHAR,Rural
JIRANIA,Rural
JINDWARI,Rural
JIAGANJ,Rural
JHAYESI,Rural
JHARSUGUDA,Rural
RAOTA,Rural
RAPAR,Rural
KURKIHAR,Rural
ROOMFORD,Rural
RORKEE,Rural
KADUR,Rural
HYEDERABAD,Rural
SAIPUR,Rural
LAIKOL,Rural
INDRI,Rural
INDRANA,Rural
PANANGAD,Rural
SALALAH,Rural
LAKHTAR,Rural
ICHALAKARANJI,Rural
PAMOL,Rural
JAMBUDA,Rural
HYDERBAD,Rural
SALMIYA,Rural
LALGUDI,Rural
HUSSAFAH,Rural
HUSHIARPUR,Rural
HSPHOSHIARPUR,Rural
HOSPET,Rural
SAMLETI,Rural
IQBALGADH,Rural
SAHIBGANJ,Rural
IRRUNGATTUKUTTAI,Rural
SAHEBGANJ,Rural
JALOUN,Rural
RUDARPUR,Rural
RUDEL,Rural
JALLANDHAR,Rural
JALGON,Rural
JAJPURDISTRICT,Rural
PANDALAM,Rural
SAANTACRUZ,Rural
KUTTANAD,Rural
JAITARAN,Rural
KUZHIMATTOM,Rural
JAGDISHPUR,Rural
JAGDALPUR,Rural
JAFRABAD,Rural
PANCHLULA,Rural
IRVINE,Rural
RAKASHWADI,Rural
KADUTHURUTHY,Rural
CHEERALA,Rural
KHANUSA,Rural
KHUSKHERA,Rural
KHOWAI,Rural
PIRAVOM,Rural
KHONGJOM,Rural
KHERA,Rural
KOPPARA,Rural
KHARGAPUR,Rural
KHARAUNDHA,Rural
KHAMGAON,Rural
KOTESHWARA,Rural
POPHALI,Rural
KHAMBHALIYA,Rural
KOSAMBA,Rural
KHAMAM,Rural
POYIL,Rural
PRABHANI,Rural
KHALAPUR,Rural
PRAKASHAM,Rural
PILKHI,Rural
KILLORGLIN,Rural
KOCHUPALLY,Rural
PIDUGURALLA,Rural
PENNAGARAM,Rural
PAZHAVARICKAL,Rural
KOPERKHARINE,Rural
PAYAGPUR,Rural
PAVRIGARWAL,Rural
PERTH,Rural
PERUMALLAPALLI,Rural
KOLHAOUR,Rural
KOLAR-DIST,Rural
KOLAGHAT,Rural
PAVANSERE,Rural
KODUR,Rural
KODOM,Rural
PHAPHUNO,Rural
PHENSONG,Rural
KODINAR,Rural
PHULBANI,Rural
KHAIR,Rural
KOTHAPUR,Rural
PARBAT,Rural
PARNER,Rural
RAIBAREILY,Rural
KUKATPALLY,Rural
KAMBARASAPURAM,Rural
KAMALPUR,Rural
RAIGARG,Rural
KALYAN-W,Rural
KALNA,Rural
KALLAKURICHI,Rural
KALIGIRI,Rural
PULIYOOR,Rural
RAJASAMAND,Rural
RAJASMAND,Rural
KALAYAT,Rural
KALANAUR,Rural
KUMARANELLOOR,Rural
KALAMB,Rural
RAJIPUR,Rural
PAREL,Rural
RAHON,Rural
KUDAVOOR,Rural
KANAYANNUR,Rural
KANGEYAM,Rural
KATHOLI,Rural
KOTTANGAL,Rural
KARUVAMBARAM,Rural
PATNI,Rural
KAROLEE,Rural
KOZHA,Rural
KARKARDUMA,Rural
KARJAN,Rural
PUTHUR,Rural
PUTPUTIA,Rural
KARANJIA,Rural
KUBRI,Rural
QUTHBULLAPUR,Rural
RABURURA,Rural
KANJIRAKODE,Rural
KANGHTALI,Rural
RADPURA,Rural
PALLIPPATU,Rural
HIRAPURA,Rural
SANAWAD,Rural
SRIPERUMBUDHUR,Rural
SONPETH,Rural
NIPHAD,Rural
SRIGANAGAR,Rural
DEBAI,Rural
NIMAR,Rural
SRINGERI,Rural
NILUPPURAM,Rural
SRIPERUMBVDUR,Rural
DADARI,Rural
SRIPRUMBUDUR,Rural
NILOKHERI,Rural
DANDELI,Rural
DENAP,Rural
SONEPUR,Rural
DEPALPUR,Rural
MALWAN,Rural
MAKDAVAN,Rural
PEEDAL,Rural
SITHAURA,Rural
DHARMPUR,Rural
SIVAKASI-TK,Rural
MALIGRAM,Rural
DHANSOR,Rural
NIRMAR,Rural
DHAKOLI,Rural
DHAKOLA,Rural
DEVAS,Rural
SONAPUR,Rural
NIRMAL,Rural
SONATIKARI,Rural
DEVAGHAR,Rural
NIDIGONDA,Rural
SULDUNG,Rural
SANCOALE,Rural
TAMPA,Rural
TAINAN,Rural
CHIKKKABALLAPUR,Rural
TALAULIM,Rural
CHIKKAMGALURU,Rural
NEENDOOR,Rural
CHIKKAMAGALUR,Rural
CHIKBALLAPUR,Rural
TAMBHERE,Rural
NEEMKATHANA,Rural
DABHAN,Rural
CHEYYAR,Rural
TANDULWADI,Rural
TANENGLONG,Rural
NEELAMANGALAM,Rural
TANJAVORE,Rural
CHERUVALLOOR,Rural
CHEMMUMIAPET,Rural
CHEMBIKULAM,Rural
CHINGLEPUT,Rural
TADIPATRI,Rural
NEGARA,Rural
CHISOPANI,Rural
SUMBAL,Rural
CUMMING,Rural
CULCUTTA,Rural
MANDAWALI,Rural
MANDIGOBINGARH,Rural
COLVALE,Rural
COLKATA,Rural
MANDSAVR,Rural
CHUVANNAMANNU,Rural
CHUVACHANPUR,Rural
SWAIMADHOPUR,Rural
CHORAO,Rural
CHOPDA,Rural
CHOMU,Rural
DOCKLANDS,Rural
DODDABALLAPURA,Rural
DOMBIVALI-W,Rural
SECENDRABAD,Rural
GURAGON,Rural
LONAR,Rural
GUHAGAR,Rural
NADAUN,Rural
GUDIVADA,Rural
GUDGAON,Rural
SCARBOROUGH,Rural
SEATTLE,Rural
GOSSAIPUR,Rural
MAJARI,Rural
SECUNDERADAD,Rural
GORAUL,Rural
GOPALPURA,Rural
GOPALPUR,Rural
SENAI,Rural
GOMEWADI,Rural
LUDHUINANA,Rural
GOKARN,Rural
GURGGAON,Rural
GURHARSAHI,Rural
GUTHANISIWAN,Rural
LIKABALI,Rural
SANDESAR,Rural
HINGANGHAT,Rural
HIGHCOURTJABALPUR,Rural
,
,
,
,
,
LEIKAI,Rural
HATKANANGLE,Rural
HATHIN,Rural
PALAVAYAL,Rural
HASANPUR,Rural
LESRIWAL,Rural
HASAN,Rural
HARSOLI,Rural
SANTIAGO,Rural
HARIPAD,Rural
HANAMANTKHEDSIM,Rural
,
,
,
,
,
SARAHAN,Rural
PAKARPUR,Rural
GOBARDANGA,Rural
SEWATA,Rural
,
,
,
,
,
ERUMATHALA,Rural
EMAKULAM,Rural
MAHABUBNGAR,Rural
,
,
,
,
,
SIMBEGA,Rural
DWARAKATIRUMALA,Rural
SIMLA,Rural
SIMURALI,Rural
DUNGRA,Rural
MAHUAR,Rural
SINDRI,Rural
NOUGAWAN,Rural
SINGHANA,Rural
NORWICH,Rural
DOYLESTOWN,Rural
SINGHNAGAR,Rural
DONGARGAON,Rural
,
,
,
,
,
SHRIGONDA,Rural
GHIKARA,Rural
FALNA,Rural
SHAHAD,Rural
GHATAL,Rural
SHAHAJAHAYEPUR,Rural
GAYZING,Rural
SHAHIBABAD,Rural
LUPUNG,Rural
GARHSHANKER,Rural
GANGNAPUR,Rural
GANDHIDHAM-KUTCH,Rural
GANDEED,Rural
GAITHERSBURG,Rural
GAIGHATA,Rural
GAHAMAR,Rural
MADHUGORA,Rural
GADHINGLAJ,Rural
SHIRALA,Rural
SHIRSUFAL,Rural
NADAVAYAL,Rural
DELHI,Urban
